<?xml version="1.0" encoding="UTF-8"?>
<project-private xmlns="http://www.netbeans.org/ns/project-private/1">
    <editor-bookmarks xmlns="http://www.netbeans.org/ns/editor-bookmarks/2" lastBookmarkId="0"/>
    <open-files xmlns="http://www.netbeans.org/ns/projectui-open-files/2">
        <group>
            <file>file:/H:/DataFidelityGenerator/src/datafidelitygenerator/ObservingEvent.java</file>
            <file>file:/H:/DataFidelityGenerator/src/datafidelitygenerator/PeriodUpdateEvent.java</file>
            <file>file:/H:/DataFidelityGenerator/src/datafidelitygenerator/TestEvent.java</file>
            <file>file:/H:/DataFidelityGenerator/src/datafidelitygenerator/Simulator.java</file>
            <file>file:/H:/DataFidelityGenerator/src/datafidelitygenerator/UploadEvent.java</file>
            <file>file:/H:/DataFidelityGenerator/src/datafidelitygenerator/Event.java</file>
            <file>file:/H:/DataFidelityGenerator/src/datafidelitygenerator/SensingEvent.java</file>
            <file>file:/H:/DataFidelityGenerator/src/datafidelitygenerator/EndEvent.java</file>
            <file>file:/H:/DataFidelityGenerator/src/datafidelitygenerator/Sensor.java</file>
        </group>
    </open-files>
</project-private>
